file_name,label
test1111.avi,Right
test1112.avi,Right
test1113.avi,Right
test1114.avi,Right
test1115.avi,Right
test1116.avi,Right
test1117.avi,Right
test1118.avi,Right
test1119.avi,Right
test11110.avi,Right
test1121.avi,Right
test1122.avi,Right
test1123.avi,Right
test1124.avi,Right
test1125.avi,Right
test1126.avi,Right
test1127.avi,Right
test1128.avi,Right
test1129.avi,Right
test11210.avi,Right
test1131.avi,Right
test1132.avi,Right
test1133.avi,Right
test1134.avi,Right
test1135.avi,Right
test1136.avi,Right
test1137.avi,Right
test1138.avi,Right
test1139.avi,Right
test11310.avi,Right
test1141.avi,Right
test1142.avi,Right
test1143.avi,Right
test1144.avi,Right
test1145.avi,Right
test1146.avi,Right
test1147.avi,Right
test1148.avi,Right
test1149.avi,Right
test11410.avi,Right
test1151.avi,Right
test1152.avi,Right
test1153.avi,Right
test1154.avi,Right
test1155.avi,Right
test1156.avi,Right
test1157.avi,Right
test1158.avi,Right
test1159.avi,Right
test11510.avi,Right
test1161.avi,Right
test1162.avi,Right
test1163.avi,Right
test1164.avi,Right
test1165.avi,Right
test1166.avi,Right
test1167.avi,Right
test1168.avi,Right
test1169.avi,Right
test11610.avi,Right
test1171.avi,Right
test1172.avi,Right
test1173.avi,Right
test1174.avi,Right
test1175.avi,Right
test1176.avi,Right
test1177.avi,Right
test1178.avi,Right
test1179.avi,Right
test11710.avi,Right
test1181.avi,Right
test1182.avi,Right
test1183.avi,Right
test1184.avi,Right
test1185.avi,Right
test1186.avi,Right
test1187.avi,Right
test1188.avi,Right
test1189.avi,Right
test11810.avi,Right
test1191.avi,Right
test1192.avi,Right
test1193.avi,Right
test1194.avi,Right
test1195.avi,Right
test1196.avi,Right
test1197.avi,Right
test1198.avi,Right
test1199.avi,Right
test11910.avi,Right
test11101.avi,Right
test11102.avi,Right
test11103.avi,Right
test11104.avi,Right
test11105.avi,Right
test11106.avi,Right
test11107.avi,Right
test11108.avi,Right
test11109.avi,Right
test111010.avi,Right
test1211.avi,Right
test1212.avi,Right
test1213.avi,Right
test1214.avi,Right
test1215.avi,Right
test1216.avi,Right
test1217.avi,Right
test1218.avi,Right
test1219.avi,Right
test12110.avi,Right
test1221.avi,Right
test1222.avi,Right
test1223.avi,Right
test1224.avi,Right
test1225.avi,Right
test1226.avi,Right
test1227.avi,Right
test1228.avi,Right
test1229.avi,Right
test12210.avi,Right
test1231.avi,Right
test1232.avi,Right
test1233.avi,Right
test1234.avi,Right
test1235.avi,Right
test1236.avi,Right
test1237.avi,Right
test1238.avi,Right
test1239.avi,Right
test12310.avi,Right
test1241.avi,Right
test1242.avi,Right
test1243.avi,Right
test1244.avi,Right
test1245.avi,Right
test1246.avi,Right
test1247.avi,Right
test1248.avi,Right
test1249.avi,Right
test12410.avi,Right
test1251.avi,Right
test1252.avi,Right
test1253.avi,Right
test1254.avi,Right
test1255.avi,Right
test1256.avi,Right
test1257.avi,Right
test1258.avi,Right
test1259.avi,Right
test12510.avi,Right
test1261.avi,Right
test1262.avi,Right
test1263.avi,Right
test1264.avi,Right
test1265.avi,Right
test1266.avi,Right
test1267.avi,Right
test1268.avi,Right
test1269.avi,Right
test12610.avi,Right
test1271.avi,Right
test1272.avi,Right
test1273.avi,Right
test1274.avi,Right
test1275.avi,Right
test1276.avi,Right
test1277.avi,Right
test1278.avi,Right
test1279.avi,Right
test12710.avi,Right
test1281.avi,Right
test1282.avi,Right
test1283.avi,Right
test1284.avi,Right
test1285.avi,Right
test1286.avi,Right
test1287.avi,Right
test1288.avi,Right
test1289.avi,Right
test12810.avi,Right
test1291.avi,Right
test1292.avi,Right
test1293.avi,Right
test1294.avi,Right
test1295.avi,Right
test1296.avi,Right
test1297.avi,Right
test1298.avi,Right
test1299.avi,Right
test12910.avi,Right
test12101.avi,Right
test12102.avi,Right
test12103.avi,Right
test12104.avi,Right
test12105.avi,Right
test12106.avi,Right
test12107.avi,Right
test12108.avi,Right
test12109.avi,Right
test121010.avi,Right
test1311.avi,Right
test1312.avi,Right
test1313.avi,Right
test1314.avi,Right
test1315.avi,Right
test1316.avi,Right
test1317.avi,Right
test1318.avi,Right
test1319.avi,Right
test13110.avi,Right
test1321.avi,Right
test1322.avi,Right
test1323.avi,Right
test1324.avi,Right
test1325.avi,Right
test1326.avi,Right
test1327.avi,Right
test1328.avi,Right
test1329.avi,Right
test13210.avi,Right
test1331.avi,Right
test1332.avi,Right
test1333.avi,Right
test1334.avi,Right
test1335.avi,Right
test1336.avi,Right
test1337.avi,Right
test1338.avi,Right
test1339.avi,Right
test13310.avi,Right
test1341.avi,Right
test1342.avi,Right
test1343.avi,Right
test1344.avi,Right
test1345.avi,Right
test1346.avi,Right
test1347.avi,Right
test1348.avi,Right
test1349.avi,Right
test13410.avi,Right
test1351.avi,Right
test1352.avi,Right
test1353.avi,Right
test1354.avi,Right
test1355.avi,Right
test1356.avi,Right
test1357.avi,Right
test1358.avi,Right
test1359.avi,Right
test13510.avi,Right
test1361.avi,Right
test1362.avi,Right
test1363.avi,Right
test1364.avi,Right
test1365.avi,Right
test1366.avi,Right
test1367.avi,Right
test1368.avi,Right
test1369.avi,Right
test13610.avi,Right
test1371.avi,Right
test1372.avi,Right
test1373.avi,Right
test1374.avi,Right
test1375.avi,Right
test1376.avi,Right
test1377.avi,Right
test1378.avi,Right
test1379.avi,Right
test13710.avi,Right
test1381.avi,Right
test1382.avi,Right
test1383.avi,Right
test1384.avi,Right
test1385.avi,Right
test1386.avi,Right
test1387.avi,Right
test1388.avi,Right
test1389.avi,Right
test13810.avi,Right
test1391.avi,Right
test1392.avi,Right
test1393.avi,Right
test1394.avi,Right
test1395.avi,Right
test1396.avi,Right
test1397.avi,Right
test1398.avi,Right
test1399.avi,Right
test13910.avi,Right
test13101.avi,Right
test13102.avi,Right
test13103.avi,Right
test13104.avi,Right
test13105.avi,Right
test13106.avi,Right
test13107.avi,Right
test13108.avi,Right
test13109.avi,Right
test131010.avi,Right
test1411.avi,Right
test1412.avi,Right
test1413.avi,Right
test1414.avi,Right
test1415.avi,Right
test1416.avi,Right
test1417.avi,Right
test1418.avi,Right
test1419.avi,Right
test14110.avi,Right
test1421.avi,Right
test1422.avi,Right
test1423.avi,Right
test1424.avi,Right
test1425.avi,Right
test1426.avi,Right
test1427.avi,Right
test1428.avi,Right
test1429.avi,Right
test14210.avi,Right
test1431.avi,Right
test1432.avi,Right
test1433.avi,Right
test1434.avi,Right
test1435.avi,Right
test1436.avi,Right
test1437.avi,Right
test1438.avi,Right
test1439.avi,Right
test14310.avi,Right
test1441.avi,Right
test1442.avi,Right
test1443.avi,Right
test1444.avi,Right
test1445.avi,Right
test1446.avi,Right
test1447.avi,Right
test1448.avi,Right
test1449.avi,Right
test14410.avi,Right
test1451.avi,Right
test1452.avi,Right
test1453.avi,Right
test1454.avi,Right
test1455.avi,Right
test1456.avi,Right
test1457.avi,Right
test1458.avi,Right
test1459.avi,Right
test14510.avi,Right
test1461.avi,Right
test1462.avi,Right
test1463.avi,Right
test1464.avi,Right
test1465.avi,Right
test1466.avi,Right
test1467.avi,Right
test1468.avi,Right
test1469.avi,Right
test14610.avi,Right
test1471.avi,Right
test1472.avi,Right
test1473.avi,Right
test1474.avi,Right
test1475.avi,Right
test1476.avi,Right
test1477.avi,Right
test1478.avi,Right
test1479.avi,Right
test14710.avi,Right
test1481.avi,Right
test1482.avi,Right
test1483.avi,Right
test1484.avi,Right
test1485.avi,Right
test1486.avi,Right
test1487.avi,Right
test1488.avi,Right
test1489.avi,Right
test14810.avi,Right
test1491.avi,Right
test1492.avi,Right
test1493.avi,Right
test1494.avi,Right
test1495.avi,Right
test1496.avi,Right
test1497.avi,Right
test1498.avi,Right
test1499.avi,Right
test14910.avi,Right
test14101.avi,Right
test14102.avi,Right
test14103.avi,Right
test14104.avi,Right
test14105.avi,Right
test14106.avi,Right
test14107.avi,Right
test14108.avi,Right
test14109.avi,Right
test141010.avi,Right
test1511.avi,Right
test1512.avi,Right
test1513.avi,Right
test1514.avi,Right
test1515.avi,Right
test1516.avi,Right
test1517.avi,Right
test1518.avi,Right
test1519.avi,Right
test15110.avi,Right
test1521.avi,Right
test1522.avi,Right
test1523.avi,Right
test1524.avi,Right
test1525.avi,Right
test1526.avi,Right
test1527.avi,Right
test1528.avi,Right
test1529.avi,Right
test15210.avi,Right
test1531.avi,Right
test1532.avi,Right
test1533.avi,Right
test1534.avi,Right
test1535.avi,Right
test1536.avi,Right
test1537.avi,Right
test1538.avi,Right
test1539.avi,Right
test15310.avi,Right
test1541.avi,Right
test1542.avi,Right
test1543.avi,Right
test1544.avi,Right
test1545.avi,Right
test1546.avi,Right
test1547.avi,Right
test1548.avi,Right
test1549.avi,Right
test15410.avi,Right
test1551.avi,Right
test1552.avi,Right
test1553.avi,Right
test1554.avi,Right
test1555.avi,Right
test1556.avi,Right
test1557.avi,Right
test1558.avi,Right
test1559.avi,Right
test15510.avi,Right
test1561.avi,Right
test1562.avi,Right
test1563.avi,Right
test1564.avi,Right
test1565.avi,Right
test1566.avi,Right
test1567.avi,Right
test1568.avi,Right
test1569.avi,Right
test15610.avi,Right
test1571.avi,Right
test1572.avi,Right
test1573.avi,Right
test1574.avi,Right
test1575.avi,Right
test1576.avi,Right
test1577.avi,Right
test1578.avi,Right
test1579.avi,Right
test15710.avi,Right
test1581.avi,Right
test1582.avi,Right
test1583.avi,Right
test1584.avi,Right
test1585.avi,Right
test1586.avi,Right
test1587.avi,Right
test1588.avi,Right
test1589.avi,Right
test15810.avi,Right
test1591.avi,Right
test1592.avi,Right
test1593.avi,Right
test1594.avi,Right
test1595.avi,Right
test1596.avi,Right
test1597.avi,Right
test1598.avi,Right
test1599.avi,Right
test15910.avi,Right
test15101.avi,Right
test15102.avi,Right
test15103.avi,Right
test15104.avi,Right
test15105.avi,Right
test15106.avi,Right
test15107.avi,Right
test15108.avi,Right
test15109.avi,Right
test151010.avi,Right
test1611.avi,Right
test1612.avi,Right
test1613.avi,Right
test1614.avi,Right
test1615.avi,Right
test1616.avi,Right
test1617.avi,Right
test1618.avi,Right
test1619.avi,Right
test16110.avi,Right
test1621.avi,Right
test1622.avi,Right
test1623.avi,Right
test1624.avi,Right
test1625.avi,Right
test1626.avi,Right
test1627.avi,Right
test1628.avi,Right
test1629.avi,Right
test16210.avi,Right
test1631.avi,Right
test1632.avi,Right
test1633.avi,Right
test1634.avi,Right
test1635.avi,Right
test1636.avi,Right
test1637.avi,Right
test1638.avi,Right
test1639.avi,Right
test16310.avi,Right
test1641.avi,Right
test1642.avi,Right
test1643.avi,Right
test1644.avi,Right
test1645.avi,Right
test1646.avi,Right
test1647.avi,Right
test1648.avi,Right
test1649.avi,Right
test16410.avi,Right
test1651.avi,Right
test1652.avi,Right
test1653.avi,Right
test1654.avi,Right
test1655.avi,Right
test1656.avi,Right
test1657.avi,Right
test1658.avi,Right
test1659.avi,Right
test16510.avi,Right
test1661.avi,Right
test1662.avi,Right
test1663.avi,Right
test1664.avi,Right
test1665.avi,Right
test1666.avi,Right
test1667.avi,Right
test1668.avi,Right
test1669.avi,Right
test16610.avi,Right
test1671.avi,Right
test1672.avi,Right
test1673.avi,Right
test1674.avi,Right
test1675.avi,Right
test1676.avi,Right
test1677.avi,Right
test1678.avi,Right
test1679.avi,Right
test16710.avi,Right
test1681.avi,Right
test1682.avi,Right
test1683.avi,Right
test1684.avi,Right
test1685.avi,Right
test1686.avi,Right
test1687.avi,Right
test1688.avi,Right
test1689.avi,Right
test16810.avi,Right
test1691.avi,Right
test1692.avi,Right
test1693.avi,Right
test1694.avi,Right
test1695.avi,Right
test1696.avi,Right
test1697.avi,Right
test1698.avi,Right
test1699.avi,Right
test16910.avi,Right
test16101.avi,Right
test16102.avi,Right
test16103.avi,Right
test16104.avi,Right
test16105.avi,Right
test16106.avi,Right
test16107.avi,Right
test16108.avi,Right
test16109.avi,Right
test161010.avi,Right
test1711.avi,Right
test1712.avi,Right
test1713.avi,Right
test1714.avi,Right
test1715.avi,Right
test1716.avi,Right
test1717.avi,Right
test1718.avi,Right
test1719.avi,Right
test17110.avi,Right
test1721.avi,Right
test1722.avi,Right
test1723.avi,Right
test1724.avi,Right
test1725.avi,Right
test1726.avi,Right
test1727.avi,Right
test1728.avi,Right
test1729.avi,Right
test17210.avi,Right
test1731.avi,Right
test1732.avi,Right
test1733.avi,Right
test1734.avi,Right
test1735.avi,Right
test1736.avi,Right
test1737.avi,Right
test1738.avi,Right
test1739.avi,Right
test17310.avi,Right
test1741.avi,Right
test1742.avi,Right
test1743.avi,Right
test1744.avi,Right
test1745.avi,Right
test1746.avi,Right
test1747.avi,Right
test1748.avi,Right
test1749.avi,Right
test17410.avi,Right
test1751.avi,Right
test1752.avi,Right
test1753.avi,Right
test1754.avi,Right
test1755.avi,Right
test1756.avi,Right
test1757.avi,Right
test1758.avi,Right
test1759.avi,Right
test17510.avi,Right
test1761.avi,Right
test1762.avi,Right
test1763.avi,Right
test1764.avi,Right
test1765.avi,Right
test1766.avi,Right
test1767.avi,Right
test1768.avi,Right
test1769.avi,Right
test17610.avi,Right
test1771.avi,Right
test1772.avi,Right
test1773.avi,Right
test1774.avi,Right
test1775.avi,Right
test1776.avi,Right
test1777.avi,Right
test1778.avi,Right
test1779.avi,Right
test17710.avi,Right
test1781.avi,Right
test1782.avi,Right
test1783.avi,Right
test1784.avi,Right
test1785.avi,Right
test1786.avi,Right
test1787.avi,Right
test1788.avi,Right
test1789.avi,Right
test17810.avi,Right
test1791.avi,Right
test1792.avi,Right
test1793.avi,Right
test1794.avi,Right
test1795.avi,Right
test1796.avi,Right
test1797.avi,Right
test1798.avi,Right
test1799.avi,Right
test17910.avi,Right
test17101.avi,Right
test17102.avi,Right
test17103.avi,Right
test17104.avi,Right
test17105.avi,Right
test17106.avi,Right
test17107.avi,Right
test17108.avi,Right
test17109.avi,Right
test171010.avi,Right
test1811.avi,Right
test1812.avi,Right
test1813.avi,Right
test1814.avi,Right
test1815.avi,Right
test1816.avi,Right
test1817.avi,Right
test1818.avi,Right
test1819.avi,Right
test18110.avi,Right
test1821.avi,Right
test1822.avi,Right
test1823.avi,Right
test1824.avi,Right
test1825.avi,Right
test1826.avi,Right
test1827.avi,Right
test1828.avi,Right
test1829.avi,Right
test18210.avi,Right
test1831.avi,Right
test1832.avi,Right
test1833.avi,Right
test1834.avi,Right
test1835.avi,Right
test1836.avi,Right
test1837.avi,Right
test1838.avi,Right
test1839.avi,Right
test18310.avi,Right
test1841.avi,Right
test1842.avi,Right
test1843.avi,Right
test1844.avi,Right
test1845.avi,Right
test1846.avi,Right
test1847.avi,Right
test1848.avi,Right
test1849.avi,Right
test18410.avi,Right
test1851.avi,Right
test1852.avi,Right
test1853.avi,Right
test1854.avi,Right
test1855.avi,Right
test1856.avi,Right
test1857.avi,Right
test1858.avi,Right
test1859.avi,Right
test18510.avi,Right
test1861.avi,Right
test1862.avi,Right
test1863.avi,Right
test1864.avi,Right
test1865.avi,Right
test1866.avi,Right
test1867.avi,Right
test1868.avi,Right
test1869.avi,Right
test18610.avi,Right
test1871.avi,Right
test1872.avi,Right
test1873.avi,Right
test1874.avi,Right
test1875.avi,Right
test1876.avi,Right
test1877.avi,Right
test1878.avi,Right
test1879.avi,Right
test18710.avi,Right
test1881.avi,Right
test1882.avi,Right
test1883.avi,Right
test1884.avi,Right
test1885.avi,Right
test1886.avi,Right
test1887.avi,Right
test1888.avi,Right
test1889.avi,Right
test18810.avi,Right
test1891.avi,Right
test1892.avi,Right
test1893.avi,Right
test1894.avi,Right
test1895.avi,Right
test1896.avi,Right
test1897.avi,Right
test1898.avi,Right
test1899.avi,Right
test18910.avi,Right
test18101.avi,Right
test18102.avi,Right
test18103.avi,Right
test18104.avi,Right
test18105.avi,Right
test18106.avi,Right
test18107.avi,Right
test18108.avi,Right
test18109.avi,Right
test181010.avi,Right
test1911.avi,Right
test1912.avi,Right
test1913.avi,Right
test1914.avi,Right
test1915.avi,Right
test1916.avi,Right
test1917.avi,Right
test1918.avi,Right
test1919.avi,Right
test19110.avi,Right
test1921.avi,Right
test1922.avi,Right
test1923.avi,Right
test1924.avi,Right
test1925.avi,Right
test1926.avi,Right
test1927.avi,Right
test1928.avi,Right
test1929.avi,Right
test19210.avi,Right
test1931.avi,Right
test1932.avi,Right
test1933.avi,Right
test1934.avi,Right
test1935.avi,Right
test1936.avi,Right
test1937.avi,Right
test1938.avi,Right
test1939.avi,Right
test19310.avi,Right
test1941.avi,Right
test1942.avi,Right
test1943.avi,Right
test1944.avi,Right
test1945.avi,Right
test1946.avi,Right
test1947.avi,Right
test1948.avi,Right
test1949.avi,Right
test19410.avi,Right
test1951.avi,Right
test1952.avi,Right
test1953.avi,Right
test1954.avi,Right
test1955.avi,Right
test1956.avi,Right
test1957.avi,Right
test1958.avi,Right
test1959.avi,Right
test19510.avi,Right
test1961.avi,Right
test1962.avi,Right
test1963.avi,Right
test1964.avi,Right
test1965.avi,Right
test1966.avi,Right
test1967.avi,Right
test1968.avi,Right
test1969.avi,Right
test19610.avi,Right
test1971.avi,Right
test1972.avi,Right
test1973.avi,Right
test1974.avi,Right
test1975.avi,Right
test1976.avi,Right
test1977.avi,Right
test1978.avi,Right
test1979.avi,Right
test19710.avi,Right
test1981.avi,Right
test1982.avi,Right
test1983.avi,Right
test1984.avi,Right
test1985.avi,Right
test1986.avi,Right
test1987.avi,Right
test1988.avi,Right
test1989.avi,Right
test19810.avi,Right
test1991.avi,Right
test1992.avi,Right
test1993.avi,Right
test1994.avi,Right
test1995.avi,Right
test1996.avi,Right
test1997.avi,Right
test1998.avi,Right
test1999.avi,Right
test19910.avi,Right
test19101.avi,Right
test19102.avi,Right
test19103.avi,Right
test19104.avi,Right
test19105.avi,Right
test19106.avi,Right
test19107.avi,Right
test19108.avi,Right
test19109.avi,Right
test191010.avi,Right
test11011.avi,Right
test11012.avi,Right
test11013.avi,Right
test11014.avi,Right
test11015.avi,Right
test11016.avi,Right
test11017.avi,Right
test11018.avi,Right
test11019.avi,Right
test110110.avi,Right
test11021.avi,Right
test11022.avi,Right
test11023.avi,Right
test11024.avi,Right
test11025.avi,Right
test11026.avi,Right
test11027.avi,Right
test11028.avi,Right
test11029.avi,Right
test110210.avi,Right
test11031.avi,Right
test11032.avi,Right
test11033.avi,Right
test11034.avi,Right
test11035.avi,Right
test11036.avi,Right
test11037.avi,Right
test11038.avi,Right
test11039.avi,Right
test110310.avi,Right
test11041.avi,Right
test11042.avi,Right
test11043.avi,Right
test11044.avi,Right
test11045.avi,Right
test11046.avi,Right
test11047.avi,Right
test11048.avi,Right
test11049.avi,Right
test110410.avi,Right
test11051.avi,Right
test11052.avi,Right
test11053.avi,Right
test11054.avi,Right
test11055.avi,Right
test11056.avi,Right
test11057.avi,Right
test11058.avi,Right
test11059.avi,Right
test110510.avi,Right
test11061.avi,Right
test11062.avi,Right
test11063.avi,Right
test11064.avi,Right
test11065.avi,Right
test11066.avi,Right
test11067.avi,Right
test11068.avi,Right
test11069.avi,Right
test110610.avi,Right
test11071.avi,Right
test11072.avi,Right
test11073.avi,Right
test11074.avi,Right
test11075.avi,Right
test11076.avi,Right
test11077.avi,Right
test11078.avi,Right
test11079.avi,Right
test110710.avi,Right
test11081.avi,Right
test11082.avi,Right
test11083.avi,Right
test11084.avi,Right
test11085.avi,Right
test11086.avi,Right
test11087.avi,Right
test11088.avi,Right
test11089.avi,Right
test110810.avi,Right
test11091.avi,Right
test11092.avi,Right
test11093.avi,Right
test11094.avi,Right
test11095.avi,Right
test11096.avi,Right
test11097.avi,Right
test11098.avi,Right
test11099.avi,Right
test110910.avi,Right
test110101.avi,Right
test110102.avi,Right
test110103.avi,Right
test110104.avi,Right
test110105.avi,Right
test110106.avi,Right
test110107.avi,Right
test110108.avi,Right
test110109.avi,Right
test1101010.avi,Right
test2111.avi,Left
test2112.avi,Left
test2113.avi,Left
test2114.avi,Left
test2115.avi,Left
test2116.avi,Left
test2117.avi,Left
test2118.avi,Left
test2119.avi,Left
test21110.avi,Left
test2121.avi,Left
test2122.avi,Left
test2123.avi,Left
test2124.avi,Left
test2125.avi,Left
test2126.avi,Left
test2127.avi,Left
test2128.avi,Left
test2129.avi,Left
test21210.avi,Left
test2131.avi,Left
test2132.avi,Left
test2133.avi,Left
test2134.avi,Left
test2135.avi,Left
test2136.avi,Left
test2137.avi,Left
test2138.avi,Left
test2139.avi,Left
test21310.avi,Left
test2141.avi,Left
test2142.avi,Left
test2143.avi,Left
test2144.avi,Left
test2145.avi,Left
test2146.avi,Left
test2147.avi,Left
test2148.avi,Left
test2149.avi,Left
test21410.avi,Left
test2151.avi,Left
test2152.avi,Left
test2153.avi,Left
test2154.avi,Left
test2155.avi,Left
test2156.avi,Left
test2157.avi,Left
test2158.avi,Left
test2159.avi,Left
test21510.avi,Left
test2161.avi,Left
test2162.avi,Left
test2163.avi,Left
test2164.avi,Left
test2165.avi,Left
test2166.avi,Left
test2167.avi,Left
test2168.avi,Left
test2169.avi,Left
test21610.avi,Left
test2171.avi,Left
test2172.avi,Left
test2173.avi,Left
test2174.avi,Left
test2175.avi,Left
test2176.avi,Left
test2177.avi,Left
test2178.avi,Left
test2179.avi,Left
test21710.avi,Left
test2181.avi,Left
test2182.avi,Left
test2183.avi,Left
test2184.avi,Left
test2185.avi,Left
test2186.avi,Left
test2187.avi,Left
test2188.avi,Left
test2189.avi,Left
test21810.avi,Left
test2191.avi,Left
test2192.avi,Left
test2193.avi,Left
test2194.avi,Left
test2195.avi,Left
test2196.avi,Left
test2197.avi,Left
test2198.avi,Left
test2199.avi,Left
test21910.avi,Left
test21101.avi,Left
test21102.avi,Left
test21103.avi,Left
test21104.avi,Left
test21105.avi,Left
test21106.avi,Left
test21107.avi,Left
test21108.avi,Left
test21109.avi,Left
test211010.avi,Left
test2211.avi,Left
test2212.avi,Left
test2213.avi,Left
test2214.avi,Left
test2215.avi,Left
test2216.avi,Left
test2217.avi,Left
test2218.avi,Left
test2219.avi,Left
test22110.avi,Left
test2221.avi,Left
test2222.avi,Left
test2223.avi,Left
test2224.avi,Left
test2225.avi,Left
test2226.avi,Left
test2227.avi,Left
test2228.avi,Left
test2229.avi,Left
test22210.avi,Left
test2231.avi,Left
test2232.avi,Left
test2233.avi,Left
test2234.avi,Left
test2235.avi,Left
test2236.avi,Left
test2237.avi,Left
test2238.avi,Left
test2239.avi,Left
test22310.avi,Left
test2241.avi,Left
test2242.avi,Left
test2243.avi,Left
test2244.avi,Left
test2245.avi,Left
test2246.avi,Left
test2247.avi,Left
test2248.avi,Left
test2249.avi,Left
test22410.avi,Left
test2251.avi,Left
test2252.avi,Left
test2253.avi,Left
test2254.avi,Left
test2255.avi,Left
test2256.avi,Left
test2257.avi,Left
test2258.avi,Left
test2259.avi,Left
test22510.avi,Left
test2261.avi,Left
test2262.avi,Left
test2263.avi,Left
test2264.avi,Left
test2265.avi,Left
test2266.avi,Left
test2267.avi,Left
test2268.avi,Left
test2269.avi,Left
test22610.avi,Left
test2271.avi,Left
test2272.avi,Left
test2273.avi,Left
test2274.avi,Left
test2275.avi,Left
test2276.avi,Left
test2277.avi,Left
test2278.avi,Left
test2279.avi,Left
test22710.avi,Left
test2281.avi,Left
test2282.avi,Left
test2283.avi,Left
test2284.avi,Left
test2285.avi,Left
test2286.avi,Left
test2287.avi,Left
test2288.avi,Left
test2289.avi,Left
test22810.avi,Left
test2291.avi,Left
test2292.avi,Left
test2293.avi,Left
test2294.avi,Left
test2295.avi,Left
test2296.avi,Left
test2297.avi,Left
test2298.avi,Left
test2299.avi,Left
test22910.avi,Left
test22101.avi,Left
test22102.avi,Left
test22103.avi,Left
test22104.avi,Left
test22105.avi,Left
test22106.avi,Left
test22107.avi,Left
test22108.avi,Left
test22109.avi,Left
test221010.avi,Left
test2311.avi,Left
test2312.avi,Left
test2313.avi,Left
test2314.avi,Left
test2315.avi,Left
test2316.avi,Left
test2317.avi,Left
test2318.avi,Left
test2319.avi,Left
test23110.avi,Left
test2321.avi,Left
test2322.avi,Left
test2323.avi,Left
test2324.avi,Left
test2325.avi,Left
test2326.avi,Left
test2327.avi,Left
test2328.avi,Left
test2329.avi,Left
test23210.avi,Left
test2331.avi,Left
test2332.avi,Left
test2333.avi,Left
test2334.avi,Left
test2335.avi,Left
test2336.avi,Left
test2337.avi,Left
test2338.avi,Left
test2339.avi,Left
test23310.avi,Left
test2341.avi,Left
test2342.avi,Left
test2343.avi,Left
test2344.avi,Left
test2345.avi,Left
test2346.avi,Left
test2347.avi,Left
test2348.avi,Left
test2349.avi,Left
test23410.avi,Left
test2351.avi,Left
test2352.avi,Left
test2353.avi,Left
test2354.avi,Left
test2355.avi,Left
test2356.avi,Left
test2357.avi,Left
test2358.avi,Left
test2359.avi,Left
test23510.avi,Left
test2361.avi,Left
test2362.avi,Left
test2363.avi,Left
test2364.avi,Left
test2365.avi,Left
test2366.avi,Left
test2367.avi,Left
test2368.avi,Left
test2369.avi,Left
test23610.avi,Left
test2371.avi,Left
test2372.avi,Left
test2373.avi,Left
test2374.avi,Left
test2375.avi,Left
test2376.avi,Left
test2377.avi,Left
test2378.avi,Left
test2379.avi,Left
test23710.avi,Left
test2381.avi,Left
test2382.avi,Left
test2383.avi,Left
test2384.avi,Left
test2385.avi,Left
test2386.avi,Left
test2387.avi,Left
test2388.avi,Left
test2389.avi,Left
test23810.avi,Left
test2391.avi,Left
test2392.avi,Left
test2393.avi,Left
test2394.avi,Left
test2395.avi,Left
test2396.avi,Left
test2397.avi,Left
test2398.avi,Left
test2399.avi,Left
test23910.avi,Left
test23101.avi,Left
test23102.avi,Left
test23103.avi,Left
test23104.avi,Left
test23105.avi,Left
test23106.avi,Left
test23107.avi,Left
test23108.avi,Left
test23109.avi,Left
test231010.avi,Left
test2411.avi,Left
test2412.avi,Left
test2413.avi,Left
test2414.avi,Left
test2415.avi,Left
test2416.avi,Left
test2417.avi,Left
test2418.avi,Left
test2419.avi,Left
test24110.avi,Left
test2421.avi,Left
test2422.avi,Left
test2423.avi,Left
test2424.avi,Left
test2425.avi,Left
test2426.avi,Left
test2427.avi,Left
test2428.avi,Left
test2429.avi,Left
test24210.avi,Left
test2431.avi,Left
test2432.avi,Left
test2433.avi,Left
test2434.avi,Left
test2435.avi,Left
test2436.avi,Left
test2437.avi,Left
test2438.avi,Left
test2439.avi,Left
test24310.avi,Left
test2441.avi,Left
test2442.avi,Left
test2443.avi,Left
test2444.avi,Left
test2445.avi,Left
test2446.avi,Left
test2447.avi,Left
test2448.avi,Left
test2449.avi,Left
test24410.avi,Left
test2451.avi,Left
test2452.avi,Left
test2453.avi,Left
test2454.avi,Left
test2455.avi,Left
test2456.avi,Left
test2457.avi,Left
test2458.avi,Left
test2459.avi,Left
test24510.avi,Left
test2461.avi,Left
test2462.avi,Left
test2463.avi,Left
test2464.avi,Left
test2465.avi,Left
test2466.avi,Left
test2467.avi,Left
test2468.avi,Left
test2469.avi,Left
test24610.avi,Left
test2471.avi,Left
test2472.avi,Left
test2473.avi,Left
test2474.avi,Left
test2475.avi,Left
test2476.avi,Left
test2477.avi,Left
test2478.avi,Left
test2479.avi,Left
test24710.avi,Left
test2481.avi,Left
test2482.avi,Left
test2483.avi,Left
test2484.avi,Left
test2485.avi,Left
test2486.avi,Left
test2487.avi,Left
test2488.avi,Left
test2489.avi,Left
test24810.avi,Left
test2491.avi,Left
test2492.avi,Left
test2493.avi,Left
test2494.avi,Left
test2495.avi,Left
test2496.avi,Left
test2497.avi,Left
test2498.avi,Left
test2499.avi,Left
test24910.avi,Left
test24101.avi,Left
test24102.avi,Left
test24103.avi,Left
test24104.avi,Left
test24105.avi,Left
test24106.avi,Left
test24107.avi,Left
test24108.avi,Left
test24109.avi,Left
test241010.avi,Left
test2511.avi,Left
test2512.avi,Left
test2513.avi,Left
test2514.avi,Left
test2515.avi,Left
test2516.avi,Left
test2517.avi,Left
test2518.avi,Left
test2519.avi,Left
test25110.avi,Left
test2521.avi,Left
test2522.avi,Left
test2523.avi,Left
test2524.avi,Left
test2525.avi,Left
test2526.avi,Left
test2527.avi,Left
test2528.avi,Left
test2529.avi,Left
test25210.avi,Left
test2531.avi,Left
test2532.avi,Left
test2533.avi,Left
test2534.avi,Left
test2535.avi,Left
test2536.avi,Left
test2537.avi,Left
test2538.avi,Left
test2539.avi,Left
test25310.avi,Left
test2541.avi,Left
test2542.avi,Left
test2543.avi,Left
test2544.avi,Left
test2545.avi,Left
test2546.avi,Left
test2547.avi,Left
test2548.avi,Left
test2549.avi,Left
test25410.avi,Left
test2551.avi,Left
test2552.avi,Left
test2553.avi,Left
test2554.avi,Left
test2555.avi,Left
test2556.avi,Left
test2557.avi,Left
test2558.avi,Left
test2559.avi,Left
test25510.avi,Left
test2561.avi,Left
test2562.avi,Left
test2563.avi,Left
test2564.avi,Left
test2565.avi,Left
test2566.avi,Left
test2567.avi,Left
test2568.avi,Left
test2569.avi,Left
test25610.avi,Left
test2571.avi,Left
test2572.avi,Left
test2573.avi,Left
test2574.avi,Left
test2575.avi,Left
test2576.avi,Left
test2577.avi,Left
test2578.avi,Left
test2579.avi,Left
test25710.avi,Left
test2581.avi,Left
test2582.avi,Left
test2583.avi,Left
test2584.avi,Left
test2585.avi,Left
test2586.avi,Left
test2587.avi,Left
test2588.avi,Left
test2589.avi,Left
test25810.avi,Left
test2591.avi,Left
test2592.avi,Left
test2593.avi,Left
test2594.avi,Left
test2595.avi,Left
test2596.avi,Left
test2597.avi,Left
test2598.avi,Left
test2599.avi,Left
test25910.avi,Left
test25101.avi,Left
test25102.avi,Left
test25103.avi,Left
test25104.avi,Left
test25105.avi,Left
test25106.avi,Left
test25107.avi,Left
test25108.avi,Left
test25109.avi,Left
test251010.avi,Left
test2611.avi,Left
test2612.avi,Left
test2613.avi,Left
test2614.avi,Left
test2615.avi,Left
test2616.avi,Left
test2617.avi,Left
test2618.avi,Left
test2619.avi,Left
test26110.avi,Left
test2621.avi,Left
test2622.avi,Left
test2623.avi,Left
test2624.avi,Left
test2625.avi,Left
test2626.avi,Left
test2627.avi,Left
test2628.avi,Left
test2629.avi,Left
test26210.avi,Left
test2631.avi,Left
test2632.avi,Left
test2633.avi,Left
test2634.avi,Left
test2635.avi,Left
test2636.avi,Left
test2637.avi,Left
test2638.avi,Left
test2639.avi,Left
test26310.avi,Left
test2641.avi,Left
test2642.avi,Left
test2643.avi,Left
test2644.avi,Left
test2645.avi,Left
test2646.avi,Left
test2647.avi,Left
test2648.avi,Left
test2649.avi,Left
test26410.avi,Left
test2651.avi,Left
test2652.avi,Left
test2653.avi,Left
test2654.avi,Left
test2655.avi,Left
test2656.avi,Left
test2657.avi,Left
test2658.avi,Left
test2659.avi,Left
test26510.avi,Left
test2661.avi,Left
test2662.avi,Left
test2663.avi,Left
test2664.avi,Left
test2665.avi,Left
test2666.avi,Left
test2667.avi,Left
test2668.avi,Left
test2669.avi,Left
test26610.avi,Left
test2671.avi,Left
test2672.avi,Left
test2673.avi,Left
test2674.avi,Left
test2675.avi,Left
test2676.avi,Left
test2677.avi,Left
test2678.avi,Left
test2679.avi,Left
test26710.avi,Left
test2681.avi,Left
test2682.avi,Left
test2683.avi,Left
test2684.avi,Left
test2685.avi,Left
test2686.avi,Left
test2687.avi,Left
test2688.avi,Left
test2689.avi,Left
test26810.avi,Left
test2691.avi,Left
test2692.avi,Left
test2693.avi,Left
test2694.avi,Left
test2695.avi,Left
test2696.avi,Left
test2697.avi,Left
test2698.avi,Left
test2699.avi,Left
test26910.avi,Left
test26101.avi,Left
test26102.avi,Left
test26103.avi,Left
test26104.avi,Left
test26105.avi,Left
test26106.avi,Left
test26107.avi,Left
test26108.avi,Left
test26109.avi,Left
test261010.avi,Left
test2711.avi,Left
test2712.avi,Left
test2713.avi,Left
test2714.avi,Left
test2715.avi,Left
test2716.avi,Left
test2717.avi,Left
test2718.avi,Left
test2719.avi,Left
test27110.avi,Left
test2721.avi,Left
test2722.avi,Left
test2723.avi,Left
test2724.avi,Left
test2725.avi,Left
test2726.avi,Left
test2727.avi,Left
test2728.avi,Left
test2729.avi,Left
test27210.avi,Left
test2731.avi,Left
test2732.avi,Left
test2733.avi,Left
test2734.avi,Left
test2735.avi,Left
test2736.avi,Left
test2737.avi,Left
test2738.avi,Left
test2739.avi,Left
test27310.avi,Left
test2741.avi,Left
test2742.avi,Left
test2743.avi,Left
test2744.avi,Left
test2745.avi,Left
test2746.avi,Left
test2747.avi,Left
test2748.avi,Left
test2749.avi,Left
test27410.avi,Left
test2751.avi,Left
test2752.avi,Left
test2753.avi,Left
test2754.avi,Left
test2755.avi,Left
test2756.avi,Left
test2757.avi,Left
test2758.avi,Left
test2759.avi,Left
test27510.avi,Left
test2761.avi,Left
test2762.avi,Left
test2763.avi,Left
test2764.avi,Left
test2765.avi,Left
test2766.avi,Left
test2767.avi,Left
test2768.avi,Left
test2769.avi,Left
test27610.avi,Left
test2771.avi,Left
test2772.avi,Left
test2773.avi,Left
test2774.avi,Left
test2775.avi,Left
test2776.avi,Left
test2777.avi,Left
test2778.avi,Left
test2779.avi,Left
test27710.avi,Left
test2781.avi,Left
test2782.avi,Left
test2783.avi,Left
test2784.avi,Left
test2785.avi,Left
test2786.avi,Left
test2787.avi,Left
test2788.avi,Left
test2789.avi,Left
test27810.avi,Left
test2791.avi,Left
test2792.avi,Left
test2793.avi,Left
test2794.avi,Left
test2795.avi,Left
test2796.avi,Left
test2797.avi,Left
test2798.avi,Left
test2799.avi,Left
test27910.avi,Left
test27101.avi,Left
test27102.avi,Left
test27103.avi,Left
test27104.avi,Left
test27105.avi,Left
test27106.avi,Left
test27107.avi,Left
test27108.avi,Left
test27109.avi,Left
test271010.avi,Left
test2811.avi,Left
test2812.avi,Left
test2813.avi,Left
test2814.avi,Left
test2815.avi,Left
test2816.avi,Left
test2817.avi,Left
test2818.avi,Left
test2819.avi,Left
test28110.avi,Left
test2821.avi,Left
test2822.avi,Left
test2823.avi,Left
test2824.avi,Left
test2825.avi,Left
test2826.avi,Left
test2827.avi,Left
test2828.avi,Left
test2829.avi,Left
test28210.avi,Left
test2831.avi,Left
test2832.avi,Left
test2833.avi,Left
test2834.avi,Left
test2835.avi,Left
test2836.avi,Left
test2837.avi,Left
test2838.avi,Left
test2839.avi,Left
test28310.avi,Left
test2841.avi,Left
test2842.avi,Left
test2843.avi,Left
test2844.avi,Left
test2845.avi,Left
test2846.avi,Left
test2847.avi,Left
test2848.avi,Left
test2849.avi,Left
test28410.avi,Left
test2851.avi,Left
test2852.avi,Left
test2853.avi,Left
test2854.avi,Left
test2855.avi,Left
test2856.avi,Left
test2857.avi,Left
test2858.avi,Left
test2859.avi,Left
test28510.avi,Left
test2861.avi,Left
test2862.avi,Left
test2863.avi,Left
test2864.avi,Left
test2865.avi,Left
test2866.avi,Left
test2867.avi,Left
test2868.avi,Left
test2869.avi,Left
test28610.avi,Left
test2871.avi,Left
test2872.avi,Left
test2873.avi,Left
test2874.avi,Left
test2875.avi,Left
test2876.avi,Left
test2877.avi,Left
test2878.avi,Left
test2879.avi,Left
test28710.avi,Left
test2881.avi,Left
test2882.avi,Left
test2883.avi,Left
test2884.avi,Left
test2885.avi,Left
test2886.avi,Left
test2887.avi,Left
test2888.avi,Left
test2889.avi,Left
test28810.avi,Left
test2891.avi,Left
test2892.avi,Left
test2893.avi,Left
test2894.avi,Left
test2895.avi,Left
test2896.avi,Left
test2897.avi,Left
test2898.avi,Left
test2899.avi,Left
test28910.avi,Left
test28101.avi,Left
test28102.avi,Left
test28103.avi,Left
test28104.avi,Left
test28105.avi,Left
test28106.avi,Left
test28107.avi,Left
test28108.avi,Left
test28109.avi,Left
test281010.avi,Left
test2911.avi,Left
test2912.avi,Left
test2913.avi,Left
test2914.avi,Left
test2915.avi,Left
test2916.avi,Left
test2917.avi,Left
test2918.avi,Left
test2919.avi,Left
test29110.avi,Left
test2921.avi,Left
test2922.avi,Left
test2923.avi,Left
test2924.avi,Left
test2925.avi,Left
test2926.avi,Left
test2927.avi,Left
test2928.avi,Left
test2929.avi,Left
test29210.avi,Left
test2931.avi,Left
test2932.avi,Left
test2933.avi,Left
test2934.avi,Left
test2935.avi,Left
test2936.avi,Left
test2937.avi,Left
test2938.avi,Left
test2939.avi,Left
test29310.avi,Left
test2941.avi,Left
test2942.avi,Left
test2943.avi,Left
test2944.avi,Left
test2945.avi,Left
test2946.avi,Left
test2947.avi,Left
test2948.avi,Left
test2949.avi,Left
test29410.avi,Left
test2951.avi,Left
test2952.avi,Left
test2953.avi,Left
test2954.avi,Left
test2955.avi,Left
test2956.avi,Left
test2957.avi,Left
test2958.avi,Left
test2959.avi,Left
test29510.avi,Left
test2961.avi,Left
test2962.avi,Left
test2963.avi,Left
test2964.avi,Left
test2965.avi,Left
test2966.avi,Left
test2967.avi,Left
test2968.avi,Left
test2969.avi,Left
test29610.avi,Left
test2971.avi,Left
test2972.avi,Left
test2973.avi,Left
test2974.avi,Left
test2975.avi,Left
test2976.avi,Left
test2977.avi,Left
test2978.avi,Left
test2979.avi,Left
test29710.avi,Left
test2981.avi,Left
test2982.avi,Left
test2983.avi,Left
test2984.avi,Left
test2985.avi,Left
test2986.avi,Left
test2987.avi,Left
test2988.avi,Left
test2989.avi,Left
test29810.avi,Left
test2991.avi,Left
test2992.avi,Left
test2993.avi,Left
test2994.avi,Left
test2995.avi,Left
test2996.avi,Left
test2997.avi,Left
test2998.avi,Left
test2999.avi,Left
test29910.avi,Left
test29101.avi,Left
test29102.avi,Left
test29103.avi,Left
test29104.avi,Left
test29105.avi,Left
test29106.avi,Left
test29107.avi,Left
test29108.avi,Left
test29109.avi,Left
test291010.avi,Left
test21011.avi,Left
test21012.avi,Left
test21013.avi,Left
test21014.avi,Left
test21015.avi,Left
test21016.avi,Left
test21017.avi,Left
test21018.avi,Left
test21019.avi,Left
test210110.avi,Left
test21021.avi,Left
test21022.avi,Left
test21023.avi,Left
test21024.avi,Left
test21025.avi,Left
test21026.avi,Left
test21027.avi,Left
test21028.avi,Left
test21029.avi,Left
test210210.avi,Left
test21031.avi,Left
test21032.avi,Left
test21033.avi,Left
test21034.avi,Left
test21035.avi,Left
test21036.avi,Left
test21037.avi,Left
test21038.avi,Left
test21039.avi,Left
test210310.avi,Left
test21041.avi,Left
test21042.avi,Left
test21043.avi,Left
test21044.avi,Left
test21045.avi,Left
test21046.avi,Left
test21047.avi,Left
test21048.avi,Left
test21049.avi,Left
test210410.avi,Left
test21051.avi,Left
test21052.avi,Left
test21053.avi,Left
test21054.avi,Left
test21055.avi,Left
test21056.avi,Left
test21057.avi,Left
test21058.avi,Left
test21059.avi,Left
test210510.avi,Left
test21061.avi,Left
test21062.avi,Left
test21063.avi,Left
test21064.avi,Left
test21065.avi,Left
test21066.avi,Left
test21067.avi,Left
test21068.avi,Left
test21069.avi,Left
test210610.avi,Left
test21071.avi,Left
test21072.avi,Left
test21073.avi,Left
test21074.avi,Left
test21075.avi,Left
test21076.avi,Left
test21077.avi,Left
test21078.avi,Left
test21079.avi,Left
test210710.avi,Left
test21081.avi,Left
test21082.avi,Left
test21083.avi,Left
test21084.avi,Left
test21085.avi,Left
test21086.avi,Left
test21087.avi,Left
test21088.avi,Left
test21089.avi,Left
test210810.avi,Left
test21091.avi,Left
test21092.avi,Left
test21093.avi,Left
test21094.avi,Left
test21095.avi,Left
test21096.avi,Left
test21097.avi,Left
test21098.avi,Left
test21099.avi,Left
test210910.avi,Left
test210101.avi,Left
test210102.avi,Left
test210103.avi,Left
test210104.avi,Left
test210105.avi,Left
test210106.avi,Left
test210107.avi,Left
test210108.avi,Left
test210109.avi,Left
test2101010.avi,Left